"f_file","q_file","K_detected","n_inds","K_from_name","ok","fail_reason"
"/Users/zacharygagnon/Desktop/BeechCode/outputs/v1/structure_runs/STRUCTURE_ZG_HEG-RESULTS/STRUCTURE_ZG_HEG-K1-1_f","/Users/zacharygagnon/Desktop/BeechCode/outputs/v1/structure_runs/Q_extracted/STRUCTURE_ZG_HEG-K1-1_f.Q",1,278,1,TRUE,"ok"
"/Users/zacharygagnon/Desktop/BeechCode/outputs/v1/structure_runs/STRUCTURE_ZG_HEG-RESULTS/STRUCTURE_ZG_HEG-K1-10_f","/Users/zacharygagnon/Desktop/BeechCode/outputs/v1/structure_runs/Q_extracted/STRUCTURE_ZG_HEG-K1-10_f.Q",1,278,1,TRUE,"ok"
"/Users/zacharygagnon/Desktop/BeechCode/outputs/v1/structure_runs/STRUCTURE_ZG_HEG-RESULTS/STRUCTURE_ZG_HEG-K1-2_f","/Users/zacharygagnon/Desktop/BeechCode/outputs/v1/structure_runs/Q_extracted/STRUCTURE_ZG_HEG-K1-2_f.Q",1,278,1,TRUE,"ok"
"/Users/zacharygagnon/Desktop/BeechCode/outputs/v1/structure_runs/STRUCTURE_ZG_HEG-RESULTS/STRUCTURE_ZG_HEG-K1-3_f","/Users/zacharygagnon/Desktop/BeechCode/outputs/v1/structure_runs/Q_extracted/STRUCTURE_ZG_HEG-K1-3_f.Q",1,278,1,TRUE,"ok"
"/Users/zacharygagnon/Desktop/BeechCode/outputs/v1/structure_runs/STRUCTURE_ZG_HEG-RESULTS/STRUCTURE_ZG_HEG-K1-4_f","/Users/zacharygagnon/Desktop/BeechCode/outputs/v1/structure_runs/Q_extracted/STRUCTURE_ZG_HEG-K1-4_f.Q",1,278,1,TRUE,"ok"
"/Users/zacharygagnon/Desktop/BeechCode/outputs/v1/structure_runs/STRUCTURE_ZG_HEG-RESULTS/STRUCTURE_ZG_HEG-K1-5_f","/Users/zacharygagnon/Desktop/BeechCode/outputs/v1/structure_runs/Q_extracted/STRUCTURE_ZG_HEG-K1-5_f.Q",1,278,1,TRUE,"ok"
"/Users/zacharygagnon/Desktop/BeechCode/outputs/v1/structure_runs/STRUCTURE_ZG_HEG-RESULTS/STRUCTURE_ZG_HEG-K1-6_f","/Users/zacharygagnon/Desktop/BeechCode/outputs/v1/structure_runs/Q_extracted/STRUCTURE_ZG_HEG-K1-6_f.Q",1,278,1,TRUE,"ok"
"/Users/zacharygagnon/Desktop/BeechCode/outputs/v1/structure_runs/STRUCTURE_ZG_HEG-RESULTS/STRUCTURE_ZG_HEG-K1-7_f","/Users/zacharygagnon/Desktop/BeechCode/outputs/v1/structure_runs/Q_extracted/STRUCTURE_ZG_HEG-K1-7_f.Q",1,278,1,TRUE,"ok"
"/Users/zacharygagnon/Desktop/BeechCode/outputs/v1/structure_runs/STRUCTURE_ZG_HEG-RESULTS/STRUCTURE_ZG_HEG-K1-8_f","/Users/zacharygagnon/Desktop/BeechCode/outputs/v1/structure_runs/Q_extracted/STRUCTURE_ZG_HEG-K1-8_f.Q",1,278,1,TRUE,"ok"
"/Users/zacharygagnon/Desktop/BeechCode/outputs/v1/structure_runs/STRUCTURE_ZG_HEG-RESULTS/STRUCTURE_ZG_HEG-K1-9_f","/Users/zacharygagnon/Desktop/BeechCode/outputs/v1/structure_runs/Q_extracted/STRUCTURE_ZG_HEG-K1-9_f.Q",1,278,1,TRUE,"ok"
"/Users/zacharygagnon/Desktop/BeechCode/outputs/v1/structure_runs/STRUCTURE_ZG_HEG-RESULTS/STRUCTURE_ZG_HEG-K10-1_f","/Users/zacharygagnon/Desktop/BeechCode/outputs/v1/structure_runs/Q_extracted/STRUCTURE_ZG_HEG-K10-1_f.Q",10,278,10,TRUE,"ok"
"/Users/zacharygagnon/Desktop/BeechCode/outputs/v1/structure_runs/STRUCTURE_ZG_HEG-RESULTS/STRUCTURE_ZG_HEG-K10-2_f","/Users/zacharygagnon/Desktop/BeechCode/outputs/v1/structure_runs/Q_extracted/STRUCTURE_ZG_HEG-K10-2_f.Q",10,278,10,TRUE,"ok"
"/Users/zacharygagnon/Desktop/BeechCode/outputs/v1/structure_runs/STRUCTURE_ZG_HEG-RESULTS/STRUCTURE_ZG_HEG-K10-3_f","/Users/zacharygagnon/Desktop/BeechCode/outputs/v1/structure_runs/Q_extracted/STRUCTURE_ZG_HEG-K10-3_f.Q",10,278,10,TRUE,"ok"
"/Users/zacharygagnon/Desktop/BeechCode/outputs/v1/structure_runs/STRUCTURE_ZG_HEG-RESULTS/STRUCTURE_ZG_HEG-K10-4_f","/Users/zacharygagnon/Desktop/BeechCode/outputs/v1/structure_runs/Q_extracted/STRUCTURE_ZG_HEG-K10-4_f.Q",10,278,10,TRUE,"ok"
"/Users/zacharygagnon/Desktop/BeechCode/outputs/v1/structure_runs/STRUCTURE_ZG_HEG-RESULTS/STRUCTURE_ZG_HEG-K10-5_f","/Users/zacharygagnon/Desktop/BeechCode/outputs/v1/structure_runs/Q_extracted/STRUCTURE_ZG_HEG-K10-5_f.Q",10,278,10,TRUE,"ok"
"/Users/zacharygagnon/Desktop/BeechCode/outputs/v1/structure_runs/STRUCTURE_ZG_HEG-RESULTS/STRUCTURE_ZG_HEG-K10-6_f","/Users/zacharygagnon/Desktop/BeechCode/outputs/v1/structure_runs/Q_extracted/STRUCTURE_ZG_HEG-K10-6_f.Q",10,278,10,TRUE,"ok"
"/Users/zacharygagnon/Desktop/BeechCode/outputs/v1/structure_runs/STRUCTURE_ZG_HEG-RESULTS/STRUCTURE_ZG_HEG-K10-7_f","/Users/zacharygagnon/Desktop/BeechCode/outputs/v1/structure_runs/Q_extracted/STRUCTURE_ZG_HEG-K10-7_f.Q",10,278,10,TRUE,"ok"
"/Users/zacharygagnon/Desktop/BeechCode/outputs/v1/structure_runs/STRUCTURE_ZG_HEG-RESULTS/STRUCTURE_ZG_HEG-K10-8_f","/Users/zacharygagnon/Desktop/BeechCode/outputs/v1/structure_runs/Q_extracted/STRUCTURE_ZG_HEG-K10-8_f.Q",10,278,10,TRUE,"ok"
"/Users/zacharygagnon/Desktop/BeechCode/outputs/v1/structure_runs/STRUCTURE_ZG_HEG-RESULTS/STRUCTURE_ZG_HEG-K10-9_f","/Users/zacharygagnon/Desktop/BeechCode/outputs/v1/structure_runs/Q_extracted/STRUCTURE_ZG_HEG-K10-9_f.Q",10,278,10,TRUE,"ok"
"/Users/zacharygagnon/Desktop/BeechCode/outputs/v1/structure_runs/STRUCTURE_ZG_HEG-RESULTS/STRUCTURE_ZG_HEG-K11-1_f","/Users/zacharygagnon/Desktop/BeechCode/outputs/v1/structure_runs/Q_extracted/STRUCTURE_ZG_HEG-K11-1_f.Q",11,278,11,TRUE,"ok"
"/Users/zacharygagnon/Desktop/BeechCode/outputs/v1/structure_runs/STRUCTURE_ZG_HEG-RESULTS/STRUCTURE_ZG_HEG-K11-10_f","/Users/zacharygagnon/Desktop/BeechCode/outputs/v1/structure_runs/Q_extracted/STRUCTURE_ZG_HEG-K11-10_f.Q",11,278,11,TRUE,"ok"
"/Users/zacharygagnon/Desktop/BeechCode/outputs/v1/structure_runs/STRUCTURE_ZG_HEG-RESULTS/STRUCTURE_ZG_HEG-K11-2_f","/Users/zacharygagnon/Desktop/BeechCode/outputs/v1/structure_runs/Q_extracted/STRUCTURE_ZG_HEG-K11-2_f.Q",11,278,11,TRUE,"ok"
"/Users/zacharygagnon/Desktop/BeechCode/outputs/v1/structure_runs/STRUCTURE_ZG_HEG-RESULTS/STRUCTURE_ZG_HEG-K11-3_f","/Users/zacharygagnon/Desktop/BeechCode/outputs/v1/structure_runs/Q_extracted/STRUCTURE_ZG_HEG-K11-3_f.Q",11,278,11,TRUE,"ok"
"/Users/zacharygagnon/Desktop/BeechCode/outputs/v1/structure_runs/STRUCTURE_ZG_HEG-RESULTS/STRUCTURE_ZG_HEG-K11-4_f","/Users/zacharygagnon/Desktop/BeechCode/outputs/v1/structure_runs/Q_extracted/STRUCTURE_ZG_HEG-K11-4_f.Q",11,278,11,TRUE,"ok"
"/Users/zacharygagnon/Desktop/BeechCode/outputs/v1/structure_runs/STRUCTURE_ZG_HEG-RESULTS/STRUCTURE_ZG_HEG-K11-5_f","/Users/zacharygagnon/Desktop/BeechCode/outputs/v1/structure_runs/Q_extracted/STRUCTURE_ZG_HEG-K11-5_f.Q",11,278,11,TRUE,"ok"
"/Users/zacharygagnon/Desktop/BeechCode/outputs/v1/structure_runs/STRUCTURE_ZG_HEG-RESULTS/STRUCTURE_ZG_HEG-K11-6_f","/Users/zacharygagnon/Desktop/BeechCode/outputs/v1/structure_runs/Q_extracted/STRUCTURE_ZG_HEG-K11-6_f.Q",11,278,11,TRUE,"ok"
"/Users/zacharygagnon/Desktop/BeechCode/outputs/v1/structure_runs/STRUCTURE_ZG_HEG-RESULTS/STRUCTURE_ZG_HEG-K11-7_f","/Users/zacharygagnon/Desktop/BeechCode/outputs/v1/structure_runs/Q_extracted/STRUCTURE_ZG_HEG-K11-7_f.Q",11,278,11,TRUE,"ok"
"/Users/zacharygagnon/Desktop/BeechCode/outputs/v1/structure_runs/STRUCTURE_ZG_HEG-RESULTS/STRUCTURE_ZG_HEG-K11-8_f","/Users/zacharygagnon/Desktop/BeechCode/outputs/v1/structure_runs/Q_extracted/STRUCTURE_ZG_HEG-K11-8_f.Q",11,278,11,TRUE,"ok"
"/Users/zacharygagnon/Desktop/BeechCode/outputs/v1/structure_runs/STRUCTURE_ZG_HEG-RESULTS/STRUCTURE_ZG_HEG-K11-9_f","/Users/zacharygagnon/Desktop/BeechCode/outputs/v1/structure_runs/Q_extracted/STRUCTURE_ZG_HEG-K11-9_f.Q",11,278,11,TRUE,"ok"
"/Users/zacharygagnon/Desktop/BeechCode/outputs/v1/structure_runs/STRUCTURE_ZG_HEG-RESULTS/STRUCTURE_ZG_HEG-K12-1_f","/Users/zacharygagnon/Desktop/BeechCode/outputs/v1/structure_runs/Q_extracted/STRUCTURE_ZG_HEG-K12-1_f.Q",12,278,12,TRUE,"ok"
"/Users/zacharygagnon/Desktop/BeechCode/outputs/v1/structure_runs/STRUCTURE_ZG_HEG-RESULTS/STRUCTURE_ZG_HEG-K12-10_f","/Users/zacharygagnon/Desktop/BeechCode/outputs/v1/structure_runs/Q_extracted/STRUCTURE_ZG_HEG-K12-10_f.Q",12,278,12,TRUE,"ok"
"/Users/zacharygagnon/Desktop/BeechCode/outputs/v1/structure_runs/STRUCTURE_ZG_HEG-RESULTS/STRUCTURE_ZG_HEG-K12-2_f","/Users/zacharygagnon/Desktop/BeechCode/outputs/v1/structure_runs/Q_extracted/STRUCTURE_ZG_HEG-K12-2_f.Q",12,278,12,TRUE,"ok"
"/Users/zacharygagnon/Desktop/BeechCode/outputs/v1/structure_runs/STRUCTURE_ZG_HEG-RESULTS/STRUCTURE_ZG_HEG-K12-3_f","/Users/zacharygagnon/Desktop/BeechCode/outputs/v1/structure_runs/Q_extracted/STRUCTURE_ZG_HEG-K12-3_f.Q",12,278,12,TRUE,"ok"
"/Users/zacharygagnon/Desktop/BeechCode/outputs/v1/structure_runs/STRUCTURE_ZG_HEG-RESULTS/STRUCTURE_ZG_HEG-K12-4_f","/Users/zacharygagnon/Desktop/BeechCode/outputs/v1/structure_runs/Q_extracted/STRUCTURE_ZG_HEG-K12-4_f.Q",12,278,12,TRUE,"ok"
"/Users/zacharygagnon/Desktop/BeechCode/outputs/v1/structure_runs/STRUCTURE_ZG_HEG-RESULTS/STRUCTURE_ZG_HEG-K12-5_f","/Users/zacharygagnon/Desktop/BeechCode/outputs/v1/structure_runs/Q_extracted/STRUCTURE_ZG_HEG-K12-5_f.Q",12,278,12,TRUE,"ok"
"/Users/zacharygagnon/Desktop/BeechCode/outputs/v1/structure_runs/STRUCTURE_ZG_HEG-RESULTS/STRUCTURE_ZG_HEG-K12-6_f","/Users/zacharygagnon/Desktop/BeechCode/outputs/v1/structure_runs/Q_extracted/STRUCTURE_ZG_HEG-K12-6_f.Q",12,278,12,TRUE,"ok"
"/Users/zacharygagnon/Desktop/BeechCode/outputs/v1/structure_runs/STRUCTURE_ZG_HEG-RESULTS/STRUCTURE_ZG_HEG-K12-7_f","/Users/zacharygagnon/Desktop/BeechCode/outputs/v1/structure_runs/Q_extracted/STRUCTURE_ZG_HEG-K12-7_f.Q",12,278,12,TRUE,"ok"
"/Users/zacharygagnon/Desktop/BeechCode/outputs/v1/structure_runs/STRUCTURE_ZG_HEG-RESULTS/STRUCTURE_ZG_HEG-K12-8_f","/Users/zacharygagnon/Desktop/BeechCode/outputs/v1/structure_runs/Q_extracted/STRUCTURE_ZG_HEG-K12-8_f.Q",12,278,12,TRUE,"ok"
"/Users/zacharygagnon/Desktop/BeechCode/outputs/v1/structure_runs/STRUCTURE_ZG_HEG-RESULTS/STRUCTURE_ZG_HEG-K12-9_f","/Users/zacharygagnon/Desktop/BeechCode/outputs/v1/structure_runs/Q_extracted/STRUCTURE_ZG_HEG-K12-9_f.Q",12,278,12,TRUE,"ok"
"/Users/zacharygagnon/Desktop/BeechCode/outputs/v1/structure_runs/STRUCTURE_ZG_HEG-RESULTS/STRUCTURE_ZG_HEG-K2-1_f","/Users/zacharygagnon/Desktop/BeechCode/outputs/v1/structure_runs/Q_extracted/STRUCTURE_ZG_HEG-K2-1_f.Q",2,278,2,TRUE,"ok"
"/Users/zacharygagnon/Desktop/BeechCode/outputs/v1/structure_runs/STRUCTURE_ZG_HEG-RESULTS/STRUCTURE_ZG_HEG-K2-10_f","/Users/zacharygagnon/Desktop/BeechCode/outputs/v1/structure_runs/Q_extracted/STRUCTURE_ZG_HEG-K2-10_f.Q",2,278,2,TRUE,"ok"
"/Users/zacharygagnon/Desktop/BeechCode/outputs/v1/structure_runs/STRUCTURE_ZG_HEG-RESULTS/STRUCTURE_ZG_HEG-K2-2_f","/Users/zacharygagnon/Desktop/BeechCode/outputs/v1/structure_runs/Q_extracted/STRUCTURE_ZG_HEG-K2-2_f.Q",2,278,2,TRUE,"ok"
"/Users/zacharygagnon/Desktop/BeechCode/outputs/v1/structure_runs/STRUCTURE_ZG_HEG-RESULTS/STRUCTURE_ZG_HEG-K2-3_f","/Users/zacharygagnon/Desktop/BeechCode/outputs/v1/structure_runs/Q_extracted/STRUCTURE_ZG_HEG-K2-3_f.Q",2,278,2,TRUE,"ok"
"/Users/zacharygagnon/Desktop/BeechCode/outputs/v1/structure_runs/STRUCTURE_ZG_HEG-RESULTS/STRUCTURE_ZG_HEG-K2-4_f","/Users/zacharygagnon/Desktop/BeechCode/outputs/v1/structure_runs/Q_extracted/STRUCTURE_ZG_HEG-K2-4_f.Q",2,278,2,TRUE,"ok"
"/Users/zacharygagnon/Desktop/BeechCode/outputs/v1/structure_runs/STRUCTURE_ZG_HEG-RESULTS/STRUCTURE_ZG_HEG-K2-5_f","/Users/zacharygagnon/Desktop/BeechCode/outputs/v1/structure_runs/Q_extracted/STRUCTURE_ZG_HEG-K2-5_f.Q",2,278,2,TRUE,"ok"
"/Users/zacharygagnon/Desktop/BeechCode/outputs/v1/structure_runs/STRUCTURE_ZG_HEG-RESULTS/STRUCTURE_ZG_HEG-K2-6_f","/Users/zacharygagnon/Desktop/BeechCode/outputs/v1/structure_runs/Q_extracted/STRUCTURE_ZG_HEG-K2-6_f.Q",2,278,2,TRUE,"ok"
"/Users/zacharygagnon/Desktop/BeechCode/outputs/v1/structure_runs/STRUCTURE_ZG_HEG-RESULTS/STRUCTURE_ZG_HEG-K2-7_f","/Users/zacharygagnon/Desktop/BeechCode/outputs/v1/structure_runs/Q_extracted/STRUCTURE_ZG_HEG-K2-7_f.Q",2,278,2,TRUE,"ok"
"/Users/zacharygagnon/Desktop/BeechCode/outputs/v1/structure_runs/STRUCTURE_ZG_HEG-RESULTS/STRUCTURE_ZG_HEG-K2-8_f","/Users/zacharygagnon/Desktop/BeechCode/outputs/v1/structure_runs/Q_extracted/STRUCTURE_ZG_HEG-K2-8_f.Q",2,278,2,TRUE,"ok"
"/Users/zacharygagnon/Desktop/BeechCode/outputs/v1/structure_runs/STRUCTURE_ZG_HEG-RESULTS/STRUCTURE_ZG_HEG-K2-9_f","/Users/zacharygagnon/Desktop/BeechCode/outputs/v1/structure_runs/Q_extracted/STRUCTURE_ZG_HEG-K2-9_f.Q",2,278,2,TRUE,"ok"
"/Users/zacharygagnon/Desktop/BeechCode/outputs/v1/structure_runs/STRUCTURE_ZG_HEG-RESULTS/STRUCTURE_ZG_HEG-K3-1_f","/Users/zacharygagnon/Desktop/BeechCode/outputs/v1/structure_runs/Q_extracted/STRUCTURE_ZG_HEG-K3-1_f.Q",3,278,3,TRUE,"ok"
"/Users/zacharygagnon/Desktop/BeechCode/outputs/v1/structure_runs/STRUCTURE_ZG_HEG-RESULTS/STRUCTURE_ZG_HEG-K3-10_f","/Users/zacharygagnon/Desktop/BeechCode/outputs/v1/structure_runs/Q_extracted/STRUCTURE_ZG_HEG-K3-10_f.Q",3,278,3,TRUE,"ok"
"/Users/zacharygagnon/Desktop/BeechCode/outputs/v1/structure_runs/STRUCTURE_ZG_HEG-RESULTS/STRUCTURE_ZG_HEG-K3-2_f","/Users/zacharygagnon/Desktop/BeechCode/outputs/v1/structure_runs/Q_extracted/STRUCTURE_ZG_HEG-K3-2_f.Q",3,278,3,TRUE,"ok"
"/Users/zacharygagnon/Desktop/BeechCode/outputs/v1/structure_runs/STRUCTURE_ZG_HEG-RESULTS/STRUCTURE_ZG_HEG-K3-3_f","/Users/zacharygagnon/Desktop/BeechCode/outputs/v1/structure_runs/Q_extracted/STRUCTURE_ZG_HEG-K3-3_f.Q",3,278,3,TRUE,"ok"
"/Users/zacharygagnon/Desktop/BeechCode/outputs/v1/structure_runs/STRUCTURE_ZG_HEG-RESULTS/STRUCTURE_ZG_HEG-K3-4_f","/Users/zacharygagnon/Desktop/BeechCode/outputs/v1/structure_runs/Q_extracted/STRUCTURE_ZG_HEG-K3-4_f.Q",3,278,3,TRUE,"ok"
"/Users/zacharygagnon/Desktop/BeechCode/outputs/v1/structure_runs/STRUCTURE_ZG_HEG-RESULTS/STRUCTURE_ZG_HEG-K3-5_f","/Users/zacharygagnon/Desktop/BeechCode/outputs/v1/structure_runs/Q_extracted/STRUCTURE_ZG_HEG-K3-5_f.Q",3,278,3,TRUE,"ok"
"/Users/zacharygagnon/Desktop/BeechCode/outputs/v1/structure_runs/STRUCTURE_ZG_HEG-RESULTS/STRUCTURE_ZG_HEG-K3-6_f","/Users/zacharygagnon/Desktop/BeechCode/outputs/v1/structure_runs/Q_extracted/STRUCTURE_ZG_HEG-K3-6_f.Q",3,278,3,TRUE,"ok"
"/Users/zacharygagnon/Desktop/BeechCode/outputs/v1/structure_runs/STRUCTURE_ZG_HEG-RESULTS/STRUCTURE_ZG_HEG-K3-7_f","/Users/zacharygagnon/Desktop/BeechCode/outputs/v1/structure_runs/Q_extracted/STRUCTURE_ZG_HEG-K3-7_f.Q",3,278,3,TRUE,"ok"
"/Users/zacharygagnon/Desktop/BeechCode/outputs/v1/structure_runs/STRUCTURE_ZG_HEG-RESULTS/STRUCTURE_ZG_HEG-K3-8_f","/Users/zacharygagnon/Desktop/BeechCode/outputs/v1/structure_runs/Q_extracted/STRUCTURE_ZG_HEG-K3-8_f.Q",3,278,3,TRUE,"ok"
"/Users/zacharygagnon/Desktop/BeechCode/outputs/v1/structure_runs/STRUCTURE_ZG_HEG-RESULTS/STRUCTURE_ZG_HEG-K3-9_f","/Users/zacharygagnon/Desktop/BeechCode/outputs/v1/structure_runs/Q_extracted/STRUCTURE_ZG_HEG-K3-9_f.Q",3,278,3,TRUE,"ok"
"/Users/zacharygagnon/Desktop/BeechCode/outputs/v1/structure_runs/STRUCTURE_ZG_HEG-RESULTS/STRUCTURE_ZG_HEG-K4-1_f","/Users/zacharygagnon/Desktop/BeechCode/outputs/v1/structure_runs/Q_extracted/STRUCTURE_ZG_HEG-K4-1_f.Q",4,278,4,TRUE,"ok"
"/Users/zacharygagnon/Desktop/BeechCode/outputs/v1/structure_runs/STRUCTURE_ZG_HEG-RESULTS/STRUCTURE_ZG_HEG-K4-10_f","/Users/zacharygagnon/Desktop/BeechCode/outputs/v1/structure_runs/Q_extracted/STRUCTURE_ZG_HEG-K4-10_f.Q",4,278,4,TRUE,"ok"
"/Users/zacharygagnon/Desktop/BeechCode/outputs/v1/structure_runs/STRUCTURE_ZG_HEG-RESULTS/STRUCTURE_ZG_HEG-K4-2_f","/Users/zacharygagnon/Desktop/BeechCode/outputs/v1/structure_runs/Q_extracted/STRUCTURE_ZG_HEG-K4-2_f.Q",4,278,4,TRUE,"ok"
"/Users/zacharygagnon/Desktop/BeechCode/outputs/v1/structure_runs/STRUCTURE_ZG_HEG-RESULTS/STRUCTURE_ZG_HEG-K4-3_f","/Users/zacharygagnon/Desktop/BeechCode/outputs/v1/structure_runs/Q_extracted/STRUCTURE_ZG_HEG-K4-3_f.Q",4,278,4,TRUE,"ok"
"/Users/zacharygagnon/Desktop/BeechCode/outputs/v1/structure_runs/STRUCTURE_ZG_HEG-RESULTS/STRUCTURE_ZG_HEG-K4-4_f","/Users/zacharygagnon/Desktop/BeechCode/outputs/v1/structure_runs/Q_extracted/STRUCTURE_ZG_HEG-K4-4_f.Q",4,278,4,TRUE,"ok"
"/Users/zacharygagnon/Desktop/BeechCode/outputs/v1/structure_runs/STRUCTURE_ZG_HEG-RESULTS/STRUCTURE_ZG_HEG-K4-5_f","/Users/zacharygagnon/Desktop/BeechCode/outputs/v1/structure_runs/Q_extracted/STRUCTURE_ZG_HEG-K4-5_f.Q",4,278,4,TRUE,"ok"
"/Users/zacharygagnon/Desktop/BeechCode/outputs/v1/structure_runs/STRUCTURE_ZG_HEG-RESULTS/STRUCTURE_ZG_HEG-K4-6_f","/Users/zacharygagnon/Desktop/BeechCode/outputs/v1/structure_runs/Q_extracted/STRUCTURE_ZG_HEG-K4-6_f.Q",4,278,4,TRUE,"ok"
"/Users/zacharygagnon/Desktop/BeechCode/outputs/v1/structure_runs/STRUCTURE_ZG_HEG-RESULTS/STRUCTURE_ZG_HEG-K4-7_f","/Users/zacharygagnon/Desktop/BeechCode/outputs/v1/structure_runs/Q_extracted/STRUCTURE_ZG_HEG-K4-7_f.Q",4,278,4,TRUE,"ok"
"/Users/zacharygagnon/Desktop/BeechCode/outputs/v1/structure_runs/STRUCTURE_ZG_HEG-RESULTS/STRUCTURE_ZG_HEG-K4-8_f","/Users/zacharygagnon/Desktop/BeechCode/outputs/v1/structure_runs/Q_extracted/STRUCTURE_ZG_HEG-K4-8_f.Q",4,278,4,TRUE,"ok"
"/Users/zacharygagnon/Desktop/BeechCode/outputs/v1/structure_runs/STRUCTURE_ZG_HEG-RESULTS/STRUCTURE_ZG_HEG-K4-9_f","/Users/zacharygagnon/Desktop/BeechCode/outputs/v1/structure_runs/Q_extracted/STRUCTURE_ZG_HEG-K4-9_f.Q",4,278,4,TRUE,"ok"
"/Users/zacharygagnon/Desktop/BeechCode/outputs/v1/structure_runs/STRUCTURE_ZG_HEG-RESULTS/STRUCTURE_ZG_HEG-K5-1_f","/Users/zacharygagnon/Desktop/BeechCode/outputs/v1/structure_runs/Q_extracted/STRUCTURE_ZG_HEG-K5-1_f.Q",5,278,5,TRUE,"ok"
"/Users/zacharygagnon/Desktop/BeechCode/outputs/v1/structure_runs/STRUCTURE_ZG_HEG-RESULTS/STRUCTURE_ZG_HEG-K5-10_f","/Users/zacharygagnon/Desktop/BeechCode/outputs/v1/structure_runs/Q_extracted/STRUCTURE_ZG_HEG-K5-10_f.Q",5,278,5,TRUE,"ok"
"/Users/zacharygagnon/Desktop/BeechCode/outputs/v1/structure_runs/STRUCTURE_ZG_HEG-RESULTS/STRUCTURE_ZG_HEG-K5-2_f","/Users/zacharygagnon/Desktop/BeechCode/outputs/v1/structure_runs/Q_extracted/STRUCTURE_ZG_HEG-K5-2_f.Q",5,278,5,TRUE,"ok"
"/Users/zacharygagnon/Desktop/BeechCode/outputs/v1/structure_runs/STRUCTURE_ZG_HEG-RESULTS/STRUCTURE_ZG_HEG-K5-3_f","/Users/zacharygagnon/Desktop/BeechCode/outputs/v1/structure_runs/Q_extracted/STRUCTURE_ZG_HEG-K5-3_f.Q",5,278,5,TRUE,"ok"
"/Users/zacharygagnon/Desktop/BeechCode/outputs/v1/structure_runs/STRUCTURE_ZG_HEG-RESULTS/STRUCTURE_ZG_HEG-K5-4_f","/Users/zacharygagnon/Desktop/BeechCode/outputs/v1/structure_runs/Q_extracted/STRUCTURE_ZG_HEG-K5-4_f.Q",5,278,5,TRUE,"ok"
"/Users/zacharygagnon/Desktop/BeechCode/outputs/v1/structure_runs/STRUCTURE_ZG_HEG-RESULTS/STRUCTURE_ZG_HEG-K5-5_f","/Users/zacharygagnon/Desktop/BeechCode/outputs/v1/structure_runs/Q_extracted/STRUCTURE_ZG_HEG-K5-5_f.Q",5,278,5,TRUE,"ok"
"/Users/zacharygagnon/Desktop/BeechCode/outputs/v1/structure_runs/STRUCTURE_ZG_HEG-RESULTS/STRUCTURE_ZG_HEG-K5-6_f","/Users/zacharygagnon/Desktop/BeechCode/outputs/v1/structure_runs/Q_extracted/STRUCTURE_ZG_HEG-K5-6_f.Q",5,278,5,TRUE,"ok"
"/Users/zacharygagnon/Desktop/BeechCode/outputs/v1/structure_runs/STRUCTURE_ZG_HEG-RESULTS/STRUCTURE_ZG_HEG-K5-7_f","/Users/zacharygagnon/Desktop/BeechCode/outputs/v1/structure_runs/Q_extracted/STRUCTURE_ZG_HEG-K5-7_f.Q",5,278,5,TRUE,"ok"
"/Users/zacharygagnon/Desktop/BeechCode/outputs/v1/structure_runs/STRUCTURE_ZG_HEG-RESULTS/STRUCTURE_ZG_HEG-K5-8_f","/Users/zacharygagnon/Desktop/BeechCode/outputs/v1/structure_runs/Q_extracted/STRUCTURE_ZG_HEG-K5-8_f.Q",5,278,5,TRUE,"ok"
"/Users/zacharygagnon/Desktop/BeechCode/outputs/v1/structure_runs/STRUCTURE_ZG_HEG-RESULTS/STRUCTURE_ZG_HEG-K5-9_f","/Users/zacharygagnon/Desktop/BeechCode/outputs/v1/structure_runs/Q_extracted/STRUCTURE_ZG_HEG-K5-9_f.Q",5,278,5,TRUE,"ok"
"/Users/zacharygagnon/Desktop/BeechCode/outputs/v1/structure_runs/STRUCTURE_ZG_HEG-RESULTS/STRUCTURE_ZG_HEG-K6-1_f","/Users/zacharygagnon/Desktop/BeechCode/outputs/v1/structure_runs/Q_extracted/STRUCTURE_ZG_HEG-K6-1_f.Q",6,278,6,TRUE,"ok"
"/Users/zacharygagnon/Desktop/BeechCode/outputs/v1/structure_runs/STRUCTURE_ZG_HEG-RESULTS/STRUCTURE_ZG_HEG-K6-10_f","/Users/zacharygagnon/Desktop/BeechCode/outputs/v1/structure_runs/Q_extracted/STRUCTURE_ZG_HEG-K6-10_f.Q",6,278,6,TRUE,"ok"
"/Users/zacharygagnon/Desktop/BeechCode/outputs/v1/structure_runs/STRUCTURE_ZG_HEG-RESULTS/STRUCTURE_ZG_HEG-K6-2_f","/Users/zacharygagnon/Desktop/BeechCode/outputs/v1/structure_runs/Q_extracted/STRUCTURE_ZG_HEG-K6-2_f.Q",6,278,6,TRUE,"ok"
"/Users/zacharygagnon/Desktop/BeechCode/outputs/v1/structure_runs/STRUCTURE_ZG_HEG-RESULTS/STRUCTURE_ZG_HEG-K6-3_f","/Users/zacharygagnon/Desktop/BeechCode/outputs/v1/structure_runs/Q_extracted/STRUCTURE_ZG_HEG-K6-3_f.Q",6,278,6,TRUE,"ok"
"/Users/zacharygagnon/Desktop/BeechCode/outputs/v1/structure_runs/STRUCTURE_ZG_HEG-RESULTS/STRUCTURE_ZG_HEG-K6-4_f","/Users/zacharygagnon/Desktop/BeechCode/outputs/v1/structure_runs/Q_extracted/STRUCTURE_ZG_HEG-K6-4_f.Q",6,278,6,TRUE,"ok"
"/Users/zacharygagnon/Desktop/BeechCode/outputs/v1/structure_runs/STRUCTURE_ZG_HEG-RESULTS/STRUCTURE_ZG_HEG-K6-5_f","/Users/zacharygagnon/Desktop/BeechCode/outputs/v1/structure_runs/Q_extracted/STRUCTURE_ZG_HEG-K6-5_f.Q",6,278,6,TRUE,"ok"
"/Users/zacharygagnon/Desktop/BeechCode/outputs/v1/structure_runs/STRUCTURE_ZG_HEG-RESULTS/STRUCTURE_ZG_HEG-K6-6_f","/Users/zacharygagnon/Desktop/BeechCode/outputs/v1/structure_runs/Q_extracted/STRUCTURE_ZG_HEG-K6-6_f.Q",6,278,6,TRUE,"ok"
"/Users/zacharygagnon/Desktop/BeechCode/outputs/v1/structure_runs/STRUCTURE_ZG_HEG-RESULTS/STRUCTURE_ZG_HEG-K6-7_f","/Users/zacharygagnon/Desktop/BeechCode/outputs/v1/structure_runs/Q_extracted/STRUCTURE_ZG_HEG-K6-7_f.Q",6,278,6,TRUE,"ok"
"/Users/zacharygagnon/Desktop/BeechCode/outputs/v1/structure_runs/STRUCTURE_ZG_HEG-RESULTS/STRUCTURE_ZG_HEG-K6-8_f","/Users/zacharygagnon/Desktop/BeechCode/outputs/v1/structure_runs/Q_extracted/STRUCTURE_ZG_HEG-K6-8_f.Q",6,278,6,TRUE,"ok"
"/Users/zacharygagnon/Desktop/BeechCode/outputs/v1/structure_runs/STRUCTURE_ZG_HEG-RESULTS/STRUCTURE_ZG_HEG-K6-9_f","/Users/zacharygagnon/Desktop/BeechCode/outputs/v1/structure_runs/Q_extracted/STRUCTURE_ZG_HEG-K6-9_f.Q",6,278,6,TRUE,"ok"
"/Users/zacharygagnon/Desktop/BeechCode/outputs/v1/structure_runs/STRUCTURE_ZG_HEG-RESULTS/STRUCTURE_ZG_HEG-K7-1_f","/Users/zacharygagnon/Desktop/BeechCode/outputs/v1/structure_runs/Q_extracted/STRUCTURE_ZG_HEG-K7-1_f.Q",7,278,7,TRUE,"ok"
"/Users/zacharygagnon/Desktop/BeechCode/outputs/v1/structure_runs/STRUCTURE_ZG_HEG-RESULTS/STRUCTURE_ZG_HEG-K7-10_f","/Users/zacharygagnon/Desktop/BeechCode/outputs/v1/structure_runs/Q_extracted/STRUCTURE_ZG_HEG-K7-10_f.Q",7,278,7,TRUE,"ok"
"/Users/zacharygagnon/Desktop/BeechCode/outputs/v1/structure_runs/STRUCTURE_ZG_HEG-RESULTS/STRUCTURE_ZG_HEG-K7-2_f","/Users/zacharygagnon/Desktop/BeechCode/outputs/v1/structure_runs/Q_extracted/STRUCTURE_ZG_HEG-K7-2_f.Q",7,278,7,TRUE,"ok"
"/Users/zacharygagnon/Desktop/BeechCode/outputs/v1/structure_runs/STRUCTURE_ZG_HEG-RESULTS/STRUCTURE_ZG_HEG-K7-3_f","/Users/zacharygagnon/Desktop/BeechCode/outputs/v1/structure_runs/Q_extracted/STRUCTURE_ZG_HEG-K7-3_f.Q",7,278,7,TRUE,"ok"
"/Users/zacharygagnon/Desktop/BeechCode/outputs/v1/structure_runs/STRUCTURE_ZG_HEG-RESULTS/STRUCTURE_ZG_HEG-K7-4_f","/Users/zacharygagnon/Desktop/BeechCode/outputs/v1/structure_runs/Q_extracted/STRUCTURE_ZG_HEG-K7-4_f.Q",7,278,7,TRUE,"ok"
"/Users/zacharygagnon/Desktop/BeechCode/outputs/v1/structure_runs/STRUCTURE_ZG_HEG-RESULTS/STRUCTURE_ZG_HEG-K7-5_f","/Users/zacharygagnon/Desktop/BeechCode/outputs/v1/structure_runs/Q_extracted/STRUCTURE_ZG_HEG-K7-5_f.Q",7,278,7,TRUE,"ok"
"/Users/zacharygagnon/Desktop/BeechCode/outputs/v1/structure_runs/STRUCTURE_ZG_HEG-RESULTS/STRUCTURE_ZG_HEG-K7-6_f","/Users/zacharygagnon/Desktop/BeechCode/outputs/v1/structure_runs/Q_extracted/STRUCTURE_ZG_HEG-K7-6_f.Q",7,278,7,TRUE,"ok"
"/Users/zacharygagnon/Desktop/BeechCode/outputs/v1/structure_runs/STRUCTURE_ZG_HEG-RESULTS/STRUCTURE_ZG_HEG-K7-7_f","/Users/zacharygagnon/Desktop/BeechCode/outputs/v1/structure_runs/Q_extracted/STRUCTURE_ZG_HEG-K7-7_f.Q",7,278,7,TRUE,"ok"
"/Users/zacharygagnon/Desktop/BeechCode/outputs/v1/structure_runs/STRUCTURE_ZG_HEG-RESULTS/STRUCTURE_ZG_HEG-K7-8_f","/Users/zacharygagnon/Desktop/BeechCode/outputs/v1/structure_runs/Q_extracted/STRUCTURE_ZG_HEG-K7-8_f.Q",7,278,7,TRUE,"ok"
"/Users/zacharygagnon/Desktop/BeechCode/outputs/v1/structure_runs/STRUCTURE_ZG_HEG-RESULTS/STRUCTURE_ZG_HEG-K7-9_f","/Users/zacharygagnon/Desktop/BeechCode/outputs/v1/structure_runs/Q_extracted/STRUCTURE_ZG_HEG-K7-9_f.Q",7,278,7,TRUE,"ok"
"/Users/zacharygagnon/Desktop/BeechCode/outputs/v1/structure_runs/STRUCTURE_ZG_HEG-RESULTS/STRUCTURE_ZG_HEG-K8-1_f","/Users/zacharygagnon/Desktop/BeechCode/outputs/v1/structure_runs/Q_extracted/STRUCTURE_ZG_HEG-K8-1_f.Q",8,278,8,TRUE,"ok"
"/Users/zacharygagnon/Desktop/BeechCode/outputs/v1/structure_runs/STRUCTURE_ZG_HEG-RESULTS/STRUCTURE_ZG_HEG-K8-10_f","/Users/zacharygagnon/Desktop/BeechCode/outputs/v1/structure_runs/Q_extracted/STRUCTURE_ZG_HEG-K8-10_f.Q",8,278,8,TRUE,"ok"
"/Users/zacharygagnon/Desktop/BeechCode/outputs/v1/structure_runs/STRUCTURE_ZG_HEG-RESULTS/STRUCTURE_ZG_HEG-K8-2_f","/Users/zacharygagnon/Desktop/BeechCode/outputs/v1/structure_runs/Q_extracted/STRUCTURE_ZG_HEG-K8-2_f.Q",8,278,8,TRUE,"ok"
"/Users/zacharygagnon/Desktop/BeechCode/outputs/v1/structure_runs/STRUCTURE_ZG_HEG-RESULTS/STRUCTURE_ZG_HEG-K8-3_f","/Users/zacharygagnon/Desktop/BeechCode/outputs/v1/structure_runs/Q_extracted/STRUCTURE_ZG_HEG-K8-3_f.Q",8,278,8,TRUE,"ok"
"/Users/zacharygagnon/Desktop/BeechCode/outputs/v1/structure_runs/STRUCTURE_ZG_HEG-RESULTS/STRUCTURE_ZG_HEG-K8-4_f","/Users/zacharygagnon/Desktop/BeechCode/outputs/v1/structure_runs/Q_extracted/STRUCTURE_ZG_HEG-K8-4_f.Q",8,278,8,TRUE,"ok"
"/Users/zacharygagnon/Desktop/BeechCode/outputs/v1/structure_runs/STRUCTURE_ZG_HEG-RESULTS/STRUCTURE_ZG_HEG-K8-5_f","/Users/zacharygagnon/Desktop/BeechCode/outputs/v1/structure_runs/Q_extracted/STRUCTURE_ZG_HEG-K8-5_f.Q",8,278,8,TRUE,"ok"
"/Users/zacharygagnon/Desktop/BeechCode/outputs/v1/structure_runs/STRUCTURE_ZG_HEG-RESULTS/STRUCTURE_ZG_HEG-K8-6_f","/Users/zacharygagnon/Desktop/BeechCode/outputs/v1/structure_runs/Q_extracted/STRUCTURE_ZG_HEG-K8-6_f.Q",8,278,8,TRUE,"ok"
"/Users/zacharygagnon/Desktop/BeechCode/outputs/v1/structure_runs/STRUCTURE_ZG_HEG-RESULTS/STRUCTURE_ZG_HEG-K8-7_f","/Users/zacharygagnon/Desktop/BeechCode/outputs/v1/structure_runs/Q_extracted/STRUCTURE_ZG_HEG-K8-7_f.Q",8,278,8,TRUE,"ok"
"/Users/zacharygagnon/Desktop/BeechCode/outputs/v1/structure_runs/STRUCTURE_ZG_HEG-RESULTS/STRUCTURE_ZG_HEG-K8-8_f","/Users/zacharygagnon/Desktop/BeechCode/outputs/v1/structure_runs/Q_extracted/STRUCTURE_ZG_HEG-K8-8_f.Q",8,278,8,TRUE,"ok"
"/Users/zacharygagnon/Desktop/BeechCode/outputs/v1/structure_runs/STRUCTURE_ZG_HEG-RESULTS/STRUCTURE_ZG_HEG-K8-9_f","/Users/zacharygagnon/Desktop/BeechCode/outputs/v1/structure_runs/Q_extracted/STRUCTURE_ZG_HEG-K8-9_f.Q",8,278,8,TRUE,"ok"
"/Users/zacharygagnon/Desktop/BeechCode/outputs/v1/structure_runs/STRUCTURE_ZG_HEG-RESULTS/STRUCTURE_ZG_HEG-K9-1_f","/Users/zacharygagnon/Desktop/BeechCode/outputs/v1/structure_runs/Q_extracted/STRUCTURE_ZG_HEG-K9-1_f.Q",9,278,9,TRUE,"ok"
"/Users/zacharygagnon/Desktop/BeechCode/outputs/v1/structure_runs/STRUCTURE_ZG_HEG-RESULTS/STRUCTURE_ZG_HEG-K9-10_f","/Users/zacharygagnon/Desktop/BeechCode/outputs/v1/structure_runs/Q_extracted/STRUCTURE_ZG_HEG-K9-10_f.Q",9,278,9,TRUE,"ok"
"/Users/zacharygagnon/Desktop/BeechCode/outputs/v1/structure_runs/STRUCTURE_ZG_HEG-RESULTS/STRUCTURE_ZG_HEG-K9-2_f","/Users/zacharygagnon/Desktop/BeechCode/outputs/v1/structure_runs/Q_extracted/STRUCTURE_ZG_HEG-K9-2_f.Q",9,278,9,TRUE,"ok"
"/Users/zacharygagnon/Desktop/BeechCode/outputs/v1/structure_runs/STRUCTURE_ZG_HEG-RESULTS/STRUCTURE_ZG_HEG-K9-3_f","/Users/zacharygagnon/Desktop/BeechCode/outputs/v1/structure_runs/Q_extracted/STRUCTURE_ZG_HEG-K9-3_f.Q",9,278,9,TRUE,"ok"
"/Users/zacharygagnon/Desktop/BeechCode/outputs/v1/structure_runs/STRUCTURE_ZG_HEG-RESULTS/STRUCTURE_ZG_HEG-K9-4_f","/Users/zacharygagnon/Desktop/BeechCode/outputs/v1/structure_runs/Q_extracted/STRUCTURE_ZG_HEG-K9-4_f.Q",9,278,9,TRUE,"ok"
"/Users/zacharygagnon/Desktop/BeechCode/outputs/v1/structure_runs/STRUCTURE_ZG_HEG-RESULTS/STRUCTURE_ZG_HEG-K9-5_f","/Users/zacharygagnon/Desktop/BeechCode/outputs/v1/structure_runs/Q_extracted/STRUCTURE_ZG_HEG-K9-5_f.Q",9,278,9,TRUE,"ok"
"/Users/zacharygagnon/Desktop/BeechCode/outputs/v1/structure_runs/STRUCTURE_ZG_HEG-RESULTS/STRUCTURE_ZG_HEG-K9-6_f","/Users/zacharygagnon/Desktop/BeechCode/outputs/v1/structure_runs/Q_extracted/STRUCTURE_ZG_HEG-K9-6_f.Q",9,278,9,TRUE,"ok"
"/Users/zacharygagnon/Desktop/BeechCode/outputs/v1/structure_runs/STRUCTURE_ZG_HEG-RESULTS/STRUCTURE_ZG_HEG-K9-7_f","/Users/zacharygagnon/Desktop/BeechCode/outputs/v1/structure_runs/Q_extracted/STRUCTURE_ZG_HEG-K9-7_f.Q",9,278,9,TRUE,"ok"
"/Users/zacharygagnon/Desktop/BeechCode/outputs/v1/structure_runs/STRUCTURE_ZG_HEG-RESULTS/STRUCTURE_ZG_HEG-K9-8_f","/Users/zacharygagnon/Desktop/BeechCode/outputs/v1/structure_runs/Q_extracted/STRUCTURE_ZG_HEG-K9-8_f.Q",9,278,9,TRUE,"ok"
"/Users/zacharygagnon/Desktop/BeechCode/outputs/v1/structure_runs/STRUCTURE_ZG_HEG-RESULTS/STRUCTURE_ZG_HEG-K9-9_f","/Users/zacharygagnon/Desktop/BeechCode/outputs/v1/structure_runs/Q_extracted/STRUCTURE_ZG_HEG-K9-9_f.Q",9,278,9,TRUE,"ok"
